user_session,product_id,group_type_formal,first_cart_time_formal,group_type_legacy,first_cart_time_legacy,_merge
,4958,,,B,2019-12-02 09:26:41+00:00,right_only
,4964,,,B,2019-12-07 10:27:23+00:00,right_only
,5304,,,B,2019-12-12 02:58:22+00:00,right_only
,5333,,,B,2019-12-13 05:21:15+00:00,right_only
,6230,,,B,2019-12-05 10:54:47+00:00,right_only
,6467,,,B,2019-12-05 10:56:02+00:00,right_only
,6506,,,B,2019-12-26 20:24:01+00:00,right_only
,6735,,,B,2019-12-29 22:00:09+00:00,right_only
,6978,,,B,2019-12-23 11:45:23+00:00,right_only
,8098,,,B,2019-12-04 07:08:28+00:00,right_only
,15179,,,B,2019-12-07 19:55:45+00:00,right_only
,15201,,,B,2019-12-21 18:29:42+00:00,right_only
,15216,,,B,2019-12-27 09:49:04+00:00,right_only
,19162,,,B,2019-12-21 18:29:14+00:00,right_only
,36236,,,B,2019-12-25 09:48:38+00:00,right_only
,43191,,,B,2019-12-01 05:19:54+00:00,right_only
,59977,,,B,2019-12-23 18:53:45+00:00,right_only
,60001,,,B,2019-12-01 18:25:08+00:00,right_only
,71948,,,B,2019-12-24 11:44:05+00:00,right_only
,5528035,,,B,2019-12-13 18:57:13+00:00,right_only
,5556134,,,B,2019-12-09 07:49:39+00:00,right_only
,5561488,,,B,2019-12-01 03:49:31+00:00,right_only
,5573516,,,B,2019-12-05 10:54:45+00:00,right_only
,5585656,,,B,2019-12-11 11:29:09+00:00,right_only
,5597234,,,B,2019-12-21 18:29:08+00:00,right_only
,5613539,,,B,2019-12-17 08:54:00+00:00,right_only
,5622088,,,B,2019-12-09 03:55:35+00:00,right_only
,5649235,,,B,2019-12-18 02:42:25+00:00,right_only
,5649236,,,B,2019-12-06 06:17:02+00:00,right_only
,5650431,,,B,2019-12-22 12:54:28+00:00,right_only
,5651938,,,B,2019-12-07 07:25:50+00:00,right_only
,5651975,,,B,2019-12-06 04:26:44+00:00,right_only
,5651999,,,B,2019-12-21 21:45:51+00:00,right_only
,5654268,,,B,2019-12-17 06:58:25+00:00,right_only
,5655023,,,B,2019-12-17 08:33:46+00:00,right_only
,5657303,,,B,2019-12-10 10:24:52+00:00,right_only
,5665855,,,B,2019-12-11 23:02:15+00:00,right_only
,5677215,,,B,2019-12-19 17:51:58+00:00,right_only
,5677376,,,B,2019-12-19 17:18:16+00:00,right_only
,5677422,,,B,2019-12-27 16:22:42+00:00,right_only
,5677618,,,B,2019-12-01 09:05:38+00:00,right_only
,5677627,,,B,2019-12-19 17:51:50+00:00,right_only
,5677936,,,B,2019-12-24 14:58:11+00:00,right_only
,5677989,,,B,2019-12-25 06:23:00+00:00,right_only
,5678242,,,B,2019-12-21 08:59:33+00:00,right_only
,5685670,,,B,2019-12-08 03:56:44+00:00,right_only
,5686079,,,B,2019-12-13 06:52:57+00:00,right_only
,5687152,,,B,2019-12-15 12:24:40+00:00,right_only
,5688840,,,B,2019-12-01 18:21:26+00:00,right_only
,5689203,,,B,2019-12-21 07:38:50+00:00,right_only
,5689205,,,B,2019-12-21 07:38:48+00:00,right_only
,5692463,,,B,2019-12-20 13:52:59+00:00,right_only
,5696327,,,B,2019-12-23 16:25:58+00:00,right_only
,5699773,,,B,2019-12-11 22:03:14+00:00,right_only
,5699774,,,B,2019-12-11 22:03:06+00:00,right_only
,5699775,,,B,2019-12-11 22:03:17+00:00,right_only
,5699806,,,B,2019-12-11 22:02:56+00:00,right_only
,5700037,,,B,2019-12-23 16:13:14+00:00,right_only
,5700046,,,B,2019-12-03 21:22:06+00:00,right_only
,5700090,,,B,2019-12-27 17:49:05+00:00,right_only
,5712451,,,B,2019-12-05 19:28:19+00:00,right_only
,5713017,,,B,2019-12-28 15:19:57+00:00,right_only
,5715618,,,B,2019-12-28 09:03:22+00:00,right_only
,5723409,,,B,2019-12-25 07:27:32+00:00,right_only
,5723491,,,B,2019-12-10 17:11:47+00:00,right_only
,5727534,,,B,2019-12-11 22:03:10+00:00,right_only
,5727538,,,B,2019-12-11 22:03:19+00:00,right_only
,5728072,,,B,2019-12-02 14:39:59+00:00,right_only
,5733049,,,B,2019-12-09 19:36:24+00:00,right_only
,5733864,,,B,2019-12-23 10:39:34+00:00,right_only
,5734519,,,B,2019-12-23 10:40:17+00:00,right_only
,5734588,,,B,2019-12-23 10:39:58+00:00,right_only
,5736091,,,B,2019-12-23 10:39:44+00:00,right_only
,5736426,,,B,2019-12-17 08:21:25+00:00,right_only
,5736500,,,B,2019-12-23 10:39:48+00:00,right_only
,5736504,,,B,2019-12-01 18:20:22+00:00,right_only
,5738964,,,B,2019-12-17 16:44:41+00:00,right_only
,5739055,,,B,2019-12-14 12:12:30+00:00,right_only
,5739491,,,B,2019-12-24 09:46:05+00:00,right_only
,5744191,,,B,2019-12-01 09:34:31+00:00,right_only
,5744359,,,B,2019-12-22 13:00:55+00:00,right_only
,5745720,,,B,2019-12-03 21:21:14+00:00,right_only
,5748205,,,B,2019-12-01 18:20:14+00:00,right_only
,5749149,,,B,2019-12-02 21:45:00+00:00,right_only
,5751383,,,B,2019-12-21 06:04:37+00:00,right_only
,5751422,,,B,2019-12-02 18:38:25+00:00,right_only
,5752949,,,B,2019-12-01 18:25:18+00:00,right_only
,5753479,,,B,2019-12-05 19:44:43+00:00,right_only
,5753480,,,B,2019-12-21 20:40:19+00:00,right_only
,5753483,,,B,2019-12-21 20:40:00+00:00,right_only
,5753875,,,B,2019-12-23 18:54:41+00:00,right_only
,5754149,,,B,2019-12-08 11:08:05+00:00,right_only
,5754991,,,B,2019-12-08 11:43:38+00:00,right_only
,5755861,,,B,2019-12-09 03:52:50+00:00,right_only
,5756124,,,B,2019-12-26 05:47:45+00:00,right_only
,5759279,,,B,2019-12-03 14:18:21+00:00,right_only
,5759488,,,B,2019-12-01 18:22:21+00:00,right_only
,5759489,,,B,2019-12-01 18:23:12+00:00,right_only
,5759490,,,B,2019-12-01 18:23:52+00:00,right_only
,5759491,,,B,2019-12-13 14:49:02+00:00,right_only
,5759492,,,B,2019-12-13 14:49:04+00:00,right_only
,5760096,,,B,2019-12-12 02:58:26+00:00,right_only
,5760181,,,B,2019-12-11 21:34:45+00:00,right_only
,5764632,,,B,2019-12-09 15:05:02+00:00,right_only
,5766390,,,B,2019-12-22 10:17:41+00:00,right_only
,5769875,,,B,2019-12-01 21:00:24+00:00,right_only
,5769892,,,B,2019-12-14 12:20:48+00:00,right_only
,5769900,,,B,2019-12-14 12:20:33+00:00,right_only
,5769936,,,B,2019-12-14 12:18:15+00:00,right_only
,5770014,,,B,2019-12-21 21:23:14+00:00,right_only
,5770017,,,B,2019-12-14 22:16:40+00:00,right_only
,5770025,,,B,2019-12-14 12:17:10+00:00,right_only
,5770048,,,B,2019-12-14 12:16:12+00:00,right_only
,5770050,,,B,2019-12-04 14:10:52+00:00,right_only
,5770058,,,B,2019-12-14 12:15:40+00:00,right_only
,5770060,,,B,2019-12-14 12:15:30+00:00,right_only
,5770995,,,B,2019-12-01 18:20:41+00:00,right_only
,5771961,,,B,2019-12-11 14:46:22+00:00,right_only
,5771964,,,B,2019-12-02 09:26:47+00:00,right_only
,5771969,,,B,2019-12-23 20:22:12+00:00,right_only
,5771971,,,B,2019-12-23 20:22:03+00:00,right_only
,5772165,,,B,2019-12-04 06:24:10+00:00,right_only
,5772230,,,B,2019-12-24 10:41:20+00:00,right_only
,5773210,,,B,2019-12-10 17:11:55+00:00,right_only
,5773312,,,B,2019-12-10 17:12:05+00:00,right_only
,5773594,,,B,2019-12-24 09:05:13+00:00,right_only
,5776130,,,B,2019-12-11 11:29:02+00:00,right_only
,5777447,,,B,2019-12-21 09:50:21+00:00,right_only
,5780902,,,B,2019-12-19 15:28:18+00:00,right_only
,5781744,,,B,2019-12-14 15:26:03+00:00,right_only
,5783777,,,B,2019-12-05 05:32:30+00:00,right_only
,5784076,,,B,2019-12-17 23:28:21+00:00,right_only
,5784673,,,B,2019-12-21 07:40:12+00:00,right_only
,5784674,,,B,2019-12-21 07:38:35+00:00,right_only
,5786549,,,B,2019-12-13 10:09:35+00:00,right_only
,5787964,,,B,2019-12-09 03:52:19+00:00,right_only
,5788435,,,B,2019-12-03 14:18:47+00:00,right_only
,5788436,,,B,2019-12-03 21:05:57+00:00,right_only
,5788438,,,B,2019-12-09 03:51:43+00:00,right_only
,5788440,,,B,2019-12-03 21:05:55+00:00,right_only
,5788779,,,B,2019-12-03 14:18:34+00:00,right_only
,5789896,,,B,2019-12-25 08:21:57+00:00,right_only
,5790471,,,B,2019-12-03 04:39:27+00:00,right_only
,5791010,,,B,2019-12-15 14:14:37+00:00,right_only
,5792800,,,B,2019-12-02 21:44:12+00:00,right_only
,5796098,,,B,2019-12-22 13:58:06+00:00,right_only
,5801436,,,B,2019-12-21 18:28:36+00:00,right_only
,5801438,,,B,2019-12-27 09:49:15+00:00,right_only
,5801816,,,B,2019-12-09 03:55:33+00:00,right_only
,5802165,,,B,2019-12-26 21:03:00+00:00,right_only
,5802432,,,B,2019-12-03 21:22:13+00:00,right_only
,5802437,,,B,2019-12-09 17:47:08+00:00,right_only
,5802447,,,B,2019-12-24 02:22:55+00:00,right_only
,5802650,,,B,2019-12-13 12:25:52+00:00,right_only
,5803509,,,B,2019-12-23 22:54:59+00:00,right_only
,5803683,,,B,2019-12-01 07:59:05+00:00,right_only
,5804263,,,B,2019-12-17 19:09:30+00:00,right_only
,5804820,,,B,2019-12-08 14:55:57+00:00,right_only
,5808332,,,B,2019-12-14 12:14:41+00:00,right_only
,5808510,,,B,2019-12-10 13:41:22+00:00,right_only
,5808541,,,B,2019-12-10 09:17:44+00:00,right_only
,5809233,,,B,2019-12-12 09:59:12+00:00,right_only
,5809297,,,B,2019-12-02 21:44:40+00:00,right_only
,5809799,,,B,2019-12-01 20:16:49+00:00,right_only
,5809868,,,B,2019-12-04 06:24:29+00:00,right_only
,5809910,,,B,2019-12-01 17:18:15+00:00,right_only
,5809911,,,B,2019-12-04 06:23:37+00:00,right_only
,5809912,,,B,2019-12-07 19:37:53+00:00,right_only
,5810444,,,B,2019-12-25 22:06:05+00:00,right_only
,5810668,,,B,2019-12-01 18:25:46+00:00,right_only
,5810674,,,B,2019-12-29 20:33:13+00:00,right_only
,5810717,,,B,2019-12-15 20:47:09+00:00,right_only
,5812939,,,B,2019-12-08 16:47:09+00:00,right_only
,5814048,,,B,2019-12-04 06:24:48+00:00,right_only
,5814049,,,B,2019-12-04 06:24:58+00:00,right_only
,5814051,,,B,2019-12-04 06:25:02+00:00,right_only
,5814516,,,B,2019-12-13 14:54:11+00:00,right_only
,5814517,,,B,2019-12-13 14:54:17+00:00,right_only
,5815108,,,B,2019-12-28 18:11:13+00:00,right_only
,5815662,,,B,2019-12-01 18:06:23+00:00,right_only
,5816169,,,B,2019-12-09 04:55:30+00:00,right_only
,5816177,,,B,2019-12-04 06:24:06+00:00,right_only
,5816858,,,B,2019-12-02 18:24:27+00:00,right_only
,5817692,,,B,2019-12-15 19:15:35+00:00,right_only
,5817697,,,B,2019-12-12 20:17:55+00:00,right_only
,5819045,,,B,2019-12-20 06:35:07+00:00,right_only
,5819046,,,B,2019-12-20 06:34:58+00:00,right_only
,5819273,,,B,2019-12-11 10:42:30+00:00,right_only
,5819352,,,B,2019-12-04 20:56:02+00:00,right_only
,5819354,,,B,2019-12-14 15:26:15+00:00,right_only
,5819583,,,B,2019-12-04 20:10:37+00:00,right_only
,5819895,,,B,2019-12-14 12:14:10+00:00,right_only
,5822753,,,B,2019-12-13 20:30:42+00:00,right_only
,5822759,,,B,2019-12-13 20:31:11+00:00,right_only
,5823646,,,B,2019-12-06 20:15:55+00:00,right_only
,5823666,,,B,2019-12-25 21:44:50+00:00,right_only
,5823667,,,B,2019-12-26 09:49:50+00:00,right_only
,5823769,,,B,2019-12-06 05:14:59+00:00,right_only
,5823778,,,B,2019-12-06 05:14:29+00:00,right_only
,5823779,,,B,2019-12-06 05:14:31+00:00,right_only
,5824189,,,B,2019-12-29 19:11:45+00:00,right_only
,5824227,,,B,2019-12-14 14:12:56+00:00,right_only
,5825261,,,B,2019-12-18 13:18:28+00:00,right_only
,5826599,,,B,2019-12-06 18:12:07+00:00,right_only
,5830273,,,B,2019-12-08 20:44:20+00:00,right_only
,5830274,,,B,2019-12-08 20:44:25+00:00,right_only
,5830275,,,B,2019-12-08 20:44:32+00:00,right_only
,5830276,,,B,2019-12-08 20:44:27+00:00,right_only
,5831501,,,B,2019-12-02 09:27:06+00:00,right_only
,5831577,,,B,2019-12-23 22:54:37+00:00,right_only
,5831578,,,B,2019-12-23 22:54:39+00:00,right_only
,5831579,,,B,2019-12-22 10:31:45+00:00,right_only
,5831590,,,B,2019-12-22 10:31:32+00:00,right_only
,5831649,,,B,2019-12-23 14:12:31+00:00,right_only
,5833318,,,B,2019-12-10 17:02:48+00:00,right_only
,5833326,,,B,2019-12-12 15:38:57+00:00,right_only
,5833329,,,B,2019-12-18 16:23:04+00:00,right_only
,5833330,,,B,2019-12-12 07:31:48+00:00,right_only
,5834159,,,B,2019-12-01 18:56:02+00:00,right_only
,5835260,,,B,2019-12-23 22:54:22+00:00,right_only
,5835856,,,B,2019-12-10 12:07:45+00:00,right_only
,5836316,,,B,2019-12-29 08:41:04+00:00,right_only
,5836486,,,B,2019-12-11 14:45:37+00:00,right_only
,5836487,,,B,2019-12-11 14:45:39+00:00,right_only
,5836488,,,B,2019-12-11 14:45:24+00:00,right_only
,5836489,,,B,2019-12-11 14:45:27+00:00,right_only
,5836514,,,B,2019-12-03 23:02:21+00:00,right_only
,5836522,,,B,2019-12-18 14:23:45+00:00,right_only
,5836523,,,B,2019-12-29 17:46:36+00:00,right_only
,5836837,,,B,2019-12-08 03:55:22+00:00,right_only
,5837228,,,B,2019-12-06 08:18:22+00:00,right_only
,5838055,,,B,2019-12-22 10:32:41+00:00,right_only
,5839692,,,B,2019-12-14 09:43:47+00:00,right_only
,5839700,,,B,2019-12-14 09:43:42+00:00,right_only
,5841729,,,B,2019-12-21 21:21:56+00:00,right_only
,5841834,,,B,2019-12-22 10:31:22+00:00,right_only
,5843281,,,B,2019-12-06 13:28:44+00:00,right_only
,5843779,,,B,2019-12-22 20:08:56+00:00,right_only
,5843782,,,B,2019-12-22 20:08:49+00:00,right_only
,5843786,,,B,2019-12-22 20:09:04+00:00,right_only
,5844894,,,B,2019-12-16 09:26:35+00:00,right_only
,5845263,,,B,2019-12-04 20:55:06+00:00,right_only
,5846444,,,B,2019-12-15 10:47:48+00:00,right_only
,5846445,,,B,2019-12-09 03:53:41+00:00,right_only
,5846455,,,B,2019-12-19 15:55:22+00:00,right_only
,5846810,,,B,2019-12-11 19:10:58+00:00,right_only
,5848105,,,B,2019-12-24 10:40:10+00:00,right_only
,5848106,,,B,2019-12-24 10:40:04+00:00,right_only
,5848309,,,B,2019-12-20 14:52:32+00:00,right_only
,5848920,,,B,2019-12-08 15:55:26+00:00,right_only
,5848924,,,B,2019-12-08 15:55:12+00:00,right_only
,5848925,,,B,2019-12-10 19:16:48+00:00,right_only
,5849914,,,B,2019-12-15 14:32:08+00:00,right_only
,5851033,,,B,2019-12-01 15:49:37+00:00,right_only
,5851892,,,B,2019-12-24 18:31:14+00:00,right_only
,5853038,,,B,2019-12-07 17:00:55+00:00,right_only
,5853246,,,B,2019-12-19 16:22:40+00:00,right_only
,5853711,,,B,2019-12-19 16:22:31+00:00,right_only
,5853713,,,B,2019-12-19 16:22:24+00:00,right_only
,5854370,,,B,2019-12-26 19:40:35+00:00,right_only
,5854372,,,B,2019-12-04 20:54:02+00:00,right_only
,5854384,,,B,2019-12-16 15:33:08+00:00,right_only
,5854897,,,B,2019-12-18 18:30:43+00:00,right_only
,5854899,,,B,2019-12-12 02:59:55+00:00,right_only
,5854900,,,B,2019-12-04 20:35:47+00:00,right_only
,5855120,,,B,2019-12-22 08:19:11+00:00,right_only
,5856192,,,B,2019-12-04 07:07:54+00:00,right_only
,5856834,,,B,2019-12-02 21:07:12+00:00,right_only
,5856998,,,B,2019-12-22 11:46:16+00:00,right_only
,5857000,,,B,2019-12-22 11:46:08+00:00,right_only
,5857001,,,B,2019-12-22 11:46:10+00:00,right_only
,5857007,,,B,2019-12-26 20:20:39+00:00,right_only
,5857043,,,B,2019-12-19 16:21:19+00:00,right_only
,5857269,,,B,2019-12-19 16:21:27+00:00,right_only
,5857308,,,B,2019-12-10 17:12:15+00:00,right_only
,5858017,,,B,2019-12-12 11:58:43+00:00,right_only
,5858619,,,B,2019-12-22 18:34:41+00:00,right_only
,5858914,,,B,2019-12-20 14:52:34+00:00,right_only
,5861554,,,B,2019-12-19 19:28:35+00:00,right_only
,5861595,,,B,2019-12-02 19:22:15+00:00,right_only
,5861731,,,B,2019-12-25 14:52:44+00:00,right_only
,5861786,,,B,2019-12-07 11:50:56+00:00,right_only
,5862323,,,B,2019-12-10 10:35:33+00:00,right_only
,5862688,,,B,2019-12-12 02:59:38+00:00,right_only
,5862719,,,B,2019-12-20 11:11:19+00:00,right_only
,5862720,,,B,2019-12-20 11:11:30+00:00,right_only
,5863291,,,B,2019-12-18 18:06:25+00:00,right_only
,5864467,,,B,2019-12-18 15:02:36+00:00,right_only
,5864480,,,B,2019-12-12 08:21:52+00:00,right_only
,5864586,,,B,2019-12-03 20:35:56+00:00,right_only
,5866393,,,B,2019-12-23 22:54:13+00:00,right_only
,5867041,,,B,2019-12-10 18:22:48+00:00,right_only
,5867112,,,B,2019-12-03 17:35:49+00:00,right_only
,5867964,,,B,2019-12-14 09:41:48+00:00,right_only
,5868294,,,B,2019-12-24 10:38:17+00:00,right_only
,5868476,,,B,2019-12-01 18:20:55+00:00,right_only
,5869135,,,B,2019-12-24 13:30:11+00:00,right_only
,5869148,,,B,2019-12-11 10:48:57+00:00,right_only
,5870422,,,B,2019-12-03 04:38:23+00:00,right_only
,5873169,,,B,2019-12-17 20:13:36+00:00,right_only
,5875273,,,B,2019-12-04 06:49:49+00:00,right_only
,5875274,,,B,2019-12-16 03:41:01+00:00,right_only
,5875814,,,B,2019-12-13 18:39:42+00:00,right_only
,5875996,,,B,2019-12-27 20:48:46+00:00,right_only
,5876015,,,B,2019-12-03 20:16:57+00:00,right_only
,5876017,,,B,2019-12-03 20:16:52+00:00,right_only
,5876186,,,B,2019-12-22 19:57:09+00:00,right_only
,5876927,,,B,2019-12-21 09:30:55+00:00,right_only
,5876948,,,B,2019-12-21 07:38:28+00:00,right_only
,5876950,,,B,2019-12-21 07:38:25+00:00,right_only
,5881344,,,B,2019-12-18 23:10:30+00:00,right_only
,5881428,,,B,2019-12-17 07:39:53+00:00,right_only
,5881430,,,B,2019-12-17 07:40:11+00:00,right_only
,5881432,,,B,2019-12-17 07:39:58+00:00,right_only
,5881433,,,B,2019-12-17 07:39:35+00:00,right_only
,5882788,,,B,2019-12-15 13:49:22+00:00,right_only
,5883099,,,B,2019-12-10 07:55:58+00:00,right_only
,5883311,,,B,2019-12-20 14:52:37+00:00,right_only
,5883983,,,B,2019-12-29 16:05:48+00:00,right_only
,5884619,,,B,2019-12-21 07:38:21+00:00,right_only
,5885140,,,B,2019-12-19 15:27:32+00:00,right_only
,5885417,,,B,2019-12-04 06:23:55+00:00,right_only
,5885419,,,B,2019-12-21 07:53:08+00:00,right_only
,5885421,,,B,2019-12-04 06:24:18+00:00,right_only
,5885822,,,B,2019-12-05 13:56:41+00:00,right_only
,5885863,,,B,2019-12-05 18:28:40+00:00,right_only
,5887686,,,B,2019-12-12 06:49:27+00:00,right_only
,5888061,,,B,2019-12-13 14:48:49+00:00,right_only
,5888071,,,B,2019-12-25 04:20:14+00:00,right_only
,5888085,,,B,2019-12-02 07:07:05+00:00,right_only
,5888101,,,B,2019-12-10 17:08:05+00:00,right_only
,5888119,,,B,2019-12-09 12:18:33+00:00,right_only
,5888122,,,B,2019-12-12 02:58:44+00:00,right_only
,5891512,,,B,2019-12-05 17:15:53+00:00,right_only
,5892743,,,B,2019-12-10 15:01:00+00:00,right_only
,5892746,,,B,2019-12-10 15:01:08+00:00,right_only
,5893870,,,B,2019-12-20 14:52:44+00:00,right_only
,5894232,,,B,2019-12-09 21:57:58+00:00,right_only
,5896180,,,B,2019-12-13 12:25:58+00:00,right_only
,5896185,,,B,2019-12-25 09:40:42+00:00,right_only
,5896315,,,B,2019-12-20 16:50:32+00:00,right_only
,5896413,,,B,2019-12-09 10:21:43+00:00,right_only
,5896437,,,B,2019-12-23 21:51:43+00:00,right_only
,5898234,,,B,2019-12-07 13:18:43+00:00,right_only
,5898235,,,B,2019-12-07 13:18:38+00:00,right_only
,5899245,,,B,2019-12-24 09:09:53+00:00,right_only
,5903722,,,B,2019-12-07 15:43:49+00:00,right_only
,5903728,,,B,2019-12-07 15:43:59+00:00,right_only
,5903736,,,B,2019-12-07 15:44:09+00:00,right_only
,5903738,,,B,2019-12-07 15:44:13+00:00,right_only
,5903790,,,B,2019-12-07 15:44:45+00:00,right_only
,5903953,,,B,2019-12-07 15:46:10+00:00,right_only
,5904291,,,B,2019-12-07 15:47:55+00:00,right_only
,5904322,,,B,2019-12-07 15:48:14+00:00,right_only
,5904358,,,B,2019-12-07 15:48:46+00:00,right_only
,5904488,,,B,2019-12-07 15:48:58+00:00,right_only
,5906172,,,B,2019-12-09 06:50:29+00:00,right_only
,5906726,,,B,2019-12-22 14:57:19+00:00,right_only
,5908698,,,B,2019-12-07 15:43:38+00:00,right_only
,5908704,,,B,2019-12-07 15:43:26+00:00,right_only
,5908742,,,B,2019-12-25 17:07:46+00:00,right_only
,5909230,,,B,2019-12-12 11:56:40+00:00,right_only
,5911001,,,B,2019-12-09 06:49:43+00:00,right_only
,5911265,,,B,2019-12-07 11:08:50+00:00,right_only
,5911805,,,B,2019-12-14 09:41:06+00:00,right_only
,5911823,,,B,2019-12-14 09:40:58+00:00,right_only
,5911839,,,B,2019-12-14 09:40:50+00:00,right_only
,5914690,,,B,2019-12-21 07:52:40+00:00,right_only
,5915187,,,B,2019-12-25 05:55:11+00:00,right_only
